{"cameraMode":{"drawMode":0,"name":"Shaded","section":"Shading Mode"},"sceneLighting":false,"audioPlay":false,"sceneViewState":{"m_AlwaysRefresh":false,"showFog":true,"showSkybox":false,"showFlares":true,"showImageEffects":true,"showParticleSystems":true,"showVisualEffectGraphs":true,"m_FxEnabled":true},"in2DMode":false,"pivot":{"x":-1.5871269702911378,"y":1.0857720375061036,"z":-15.552299499511719},"rotation":{"x":-0.037370625883340839,"y":0.9624184370040894,"z":-0.17960943281650544,"w":-0.20029832422733308},"size":1.5983961820602418,"orthographic":false}